code,description,description_ar,category
A00,Cholera,الكوليرا,Infectious
A01,Typhoid and paratyphoid fevers,الحمى الشوكية والباراشوكية,Infectious
A02,Other salmonella infections,العدوى السالمونيلية الأخرى,Infectious
A03,Shigellosis,الشيغيلوز,Infectious
A04,Other bacterial intestinal infections,العدوى المعوية البكتيرية الأخرى,Infectious
A05,Other bacterial foodborne intoxications, not elsewhere classified,التسممات الغذائية البكتيرية الأخرى، غير مصنفة في مكان آخر,Infectious
A06,Amebiasis,الأميبياز,Infectious
A07,Other protozoal intestinal diseases,أمراض الأمعاء الأولية الأخرى,Infectious
A08,Viral and other specified intestinal infections,العدوى المعوية الفيروسية والمحددة الأخرى,Infectious
A09,Infectious gastroenteritis and colitis, unspecified,التهاب المعدة والأمعاء والقولون المعدي، غير محدد,Infectious
A15,Respiratory tuberculosis, bacteriologically and histologically confirmed,السل التنفسي، مؤكد بكتيريولوجياً ونسجياً,Infectious
A16,Respiratory tuberculosis, not confirmed bacteriologically or histologically,السل التنفسي، غير مؤكد بكتيريولوجياً أو نسجياً,Infectious
A17,Tuberculosis of nervous system,السل في الجهاز العصبي,Infectious
A18,Tuberculosis of other organs,السل في الأعضاء الأخرى,Infectious
A19,Miliary tuberculosis,السل الانتشاري,Infectious
A20,Plague,الطاعون,Infectious
A21,Tularemia,التولاريميا,Infectious
A22,Anthrax,الجمرة الخبيثة,Infectious
A23,Brucellosis,البروسيلا,Infectious
A24,Glanders and melioidosis,الغدد والميليويدوز,Infectious
A25,Rat-bite fevers,حمى عضة الفأر,Infectious
A26,Erysipeloid,الإريسيبيلويد,Infectious
A27,Leptospirosis,اللبتوسبيراز,Infectious
A28,Other zoonotic bacterial diseases, not elsewhere classified,أمراض بكتيرية حيوانية المنشأ أخرى، غير مصنفة في مكان آخر,Infectious
A30,Leprosy [Hansen's disease],الجذام [مرض هانسن],Infectious
A31,Infection due to other mycobacteria,العدوى بسبب الميكوبكتيريا الأخرى,Infectious
A32,Listeriosis,الليستريوز,Infectious
A33,Tetanus neonatorum,التيتانوس الوليدي,Infectious
A34,Obstetrical tetanus,التيتانوس التوليدي,Infectious
A35,Other tetanus,التيتانوس الأخرى,Infectious
A36,Diphtheria,الخناق,Infectious
A37,Whooping cough,السعال الديكي,Infectious
A38,Scarlet fever,الحمى القرمزية,Infectious
A39,Meningococcal infection,العدوى السحائية,Infectious
A40,Streptococcal sepsis,التسمم الدموي العقدي,Infectious
A41,Other sepsis,التسمم الدموي الأخرى,Infectious
A42,Actinomycosis,الأكتينوميكوز,Infectious
A43,Nocardiosis,النوكارديوز,Infectious
A44,Bartonellosis,البارتونيلوز,Infectious
A46,Erysipelas,الإريسيبيلاس,Infectious
A48,Other bacterial diseases, not elsewhere classified,أمراض بكتيرية أخرى، غير مصنفة في مكان آخر,Infectious
A49,Bacterial infection of unspecified site,العدوى البكتيرية في موقع غير محدد,Infectious
A50,Congenital syphilis,الزهري الخلقي,Infectious
A51,Early syphilis,الزهري المبكر,Infectious
A52,Latent syphilis,الزهري الكامن,Infectious
A53,Neurosyphilis,الزهري العصبي,Infectious
A54,Gonococcal infection,العدوى السيلانية,Infectious
A55,Chlamydial lymphogranuloma (venereum),الليمفوغرانولوما الكلاميدية (الزهرية),Infectious
A56,Other sexually transmitted chlamydial diseases,أمراض كلاميدية منقولة جنسياً أخرى,Infectious
A57,Chancroid,الشانكرويد,Infectious
A58,Granuloma inguinale,الغرانولوما الإنغوينالي,Infectious
A59,Trichomoniasis,التريكومونياز,Infectious
A60,Anogenital herpesviral [herpes simplex] infections,العدوى الهربسية الشرجية التناسلية [الهربس البسيط],Infectious
A63,Other predominantly sexually transmitted diseases, not elsewhere classified,أمراض منقولة جنسياً بشكل رئيسي أخرى، غير مصنفة في مكان آخر,Infectious
A64,Unspecified sexually transmitted disease,مرض منقول جنسياً غير محدد,Infectious
A65,Nonvenereal syphilis,الزهري غير الزهري,Infectious
A66,Yaws,اليوز,Infectious
A67,Pinta [carate],البينتا [الكاراتي],Infectious
A68,Relapsing fevers,الحمى الراجعة,Infectious
A69,Other spirochaetal infections,العدوى السبيروكيتية الأخرى,Infectious
A70,Chlamydia psittaci infection,العدوى بالكلاميديا البسيتاكي,Infectious
A71,Trachoma,التراخوما,Infectious
A74,Other diseases caused by chlamydiae,أمراض أخرى ناتجة عن الكلاميديا,Infectious
A75,Typhus fever,حمى التيفوس,Infectious
A77,Spotted fever [tick-borne rickettsioses],حمى البقع [الريكتسيوزات الناقلة بالقراد],Infectious
A78,Q fever,حمى Q,Infectious
A79,Other rickettsioses,الريكتسيوزات الأخرى,Infectious
A80,Acute poliomyelitis,الشلل الرخو الحاد,Infectious
A81,Atypical virus infections of central nervous system,العدوى الفيروسية غير النمطية في الجهاز العصبي المركزي,Infectious
A82,Rabies,الكلب,Infectious
A83,Mosquito-borne viral encephalitis,التهاب الدماغ الفيروسي الناقل بالبعوض,Infectious
A84,Tick-borne viral encephalitis,التهاب الدماغ الفيروسي الناقل بالقراد,Infectious
A85,Other viral encephalitis, not elsewhere classified,التهاب الدماغ الفيروسي الأخرى، غير مصنفة في مكان آخر,Infectious
A86,Unspecified viral encephalitis,التهاب الدماغ الفيروسي غير محدد,Infectious
A87,Viral meningitis,التهاب السحايا الفيروسي,Infectious
A88,Other viral infections of central nervous system, not elsewhere classified,العدوى الفيروسية الأخرى في الجهاز العصبي المركزي، غير مصنفة في مكان آخر,Infectious
A89,Unspecified viral infection of central nervous system,العدوى الفيروسية غير محددة في الجهاز العصبي المركزي,Infectious
A90,Dengue fever [classical dengue],حمى الدنج,Infectious
A91,Dengue hemorrhagic fever,حمى الدنج النزفية,Infectious
A92,Other mosquito-borne viral fevers,حمى فيروسية أخرى ناقلة بالبعوض,Infectious
A93,Other arthropod-borne viral fevers, not elsewhere classified,حمى فيروسية أخرى ناقلة بالمفصليات، غير مصنفة في مكان آخر,Infectious
A94,Unspecified arthropod-borne viral fever,حمى فيروسية ناقلة بالمفصليات غير محددة,Infectious
A95,Yellow fever,حمى الصفراء,Infectious
A96,Arenaviral hemorrhagic fever,حمى نزفية أرينافيروسية,Infectious
A98,Other viral hemorrhagic fevers, not elsewhere classified,حمى نزفية فيروسية أخرى، غير مصنفة في مكان آخر,Infectious
A99,Unspecified viral hemorrhagic fever,حمى نزفية فيروسية غير محددة,Infectious
B00,Herpesviral [herpes simplex] infections,العدوى الهربسية [الهربس البسيط],Infectious
B01,Varicella [chickenpox],الجدري المائي,Infectious
B02,Zoster [herpes zoster],الهربس النطاقي,Infectious
B03,Smallpox,الجدري,Infectious
B04,Monkeypox,جدري القرود,Infectious
B05,Measles,الحصبة,Infectious
B06,Rubella [German measles],الحصبة الألمانية,Infectious
B07,Viral warts,الثآليل الفيروسية,Infectious
B08,Other viral infections characterized by skin and mucous membrane lesions, not elsewhere classified,عدوى فيروسية أخرى تتميز بآفات الجلد والأغشية المخاطية، غير مصنفة في مكان آخر,Infectious
B09,Unspecified viral infection characterized by skin and mucous membrane lesions,عدوى فيروسية غير محددة تتميز بآفات الجلد والأغشية المخاطية,Infectious
B15,Acute hepatitis A,التهاب الكبد الحاد A,Infectious
B16,Acute hepatitis B,التهاب الكبد الحاد B,Infectious
B17,Other acute viral hepatitis,التهاب الكبد الفيروسي الحاد الأخرى,Infectious
B18,Chronic viral hepatitis,التهاب الكبد الفيروسي المزمن,Infectious
B19,Unspecified viral hepatitis,التهاب الكبد الفيروسي غير محدد,Infectious
B20,Human immunodeficiency virus [HIV] disease resulting in infectious and parasitic diseases,مرض فيروس نقص المناعة البشرية [HIV] الناتج عن أمراض معدية وطفيلية,Infectious
B21,Human immunodeficiency virus [HIV] disease resulting in malignant neoplasms,مرض فيروس نقص المناعة البشرية [HIV] الناتج عن أورام خبيثة,Infectious
B22,Human immunodeficiency virus [HIV] disease resulting in other specified diseases,مرض فيروس نقص المناعة البشرية [HIV] الناتج عن أمراض محددة أخرى,Infectious
B23,Human immunodeficiency virus [HIV] disease resulting in other conditions,مرض فيروس نقص المناعة البشرية [HIV] الناتج عن حالات أخرى,Infectious
B24,Unspecified human immunodeficiency virus [HIV] disease,مرض فيروس نقص المناعة البشرية [HIV] غير محدد,Infectious
B25,Cytomegaloviral disease,المرض السايتوميغالوفيروسي,Infectious
B26,Mumps,النكاف,Infectious
B27,Infectious mononucleosis,الوحيدة النووية المعدية,Infectious
B30,Viral conjunctivitis,التهاب الملتحمة الفيروسي,Infectious
B33,Other viral diseases, not elsewhere classified,أمراض فيروسية أخرى، غير مصنفة في مكان آخر,Infectious
B34,Viral infection of unspecified site,العدوى الفيروسية في موقع غير محدد,Infectious
B35,Dermatophytosis,الديرماتوفيتوز,Infectious
B36,Other superficial mycoses,الفطريات السطحية الأخرى,Infectious
B37,Candidiasis,الكانديدياز,Infectious
B38,Coccidioidomycosis,الكوكسيديويدوميكوز,Infectious
B39,Histoplasmosis,الهيستوبلاسموز,Infectious
B40,Blastomycosis,البلاستوميكوز,Infectious
B41,Paracoccidioidomycosis,الباراكوكسيديويدوميكوز,Infectious
B42,Sporotrichosis,السبوروتريكوز,Infectious
B43,Chromomycosis and pheomycotic abscess,الكروموميكوز والخراج الفيوميكوتيكي,Infectious
B44,Aspergillosis,الأسبيرجيلوز,Infectious
B45,Cryptococcosis,الكريبتوكوكوز,Infectious
B46,Zygomycosis,الزيغوميكوز,Infectious
B47,Mycetoma,الميسيتوما,Infectious
B48,Other mycoses, not elsewhere classified,الفطريات الأخرى، غير مصنفة في مكان آخر,Infectious
B49,Unspecified mycosis,الفطريات غير محددة,Infectious
B50,Plasmodium falciparum malaria,ملاريا البلازموديوم الفالسيباروم,Infectious
B51,Plasmodium vivax malaria,ملاريا البلازموديوم فيفاكس,Infectious
B52,Plasmodium malariae malaria,ملاريا البلازموديوم مالاريا,Infectious
B53,Plasmodium ovale malaria,ملاريا البلازموديوم أوفالي,Infectious
B54,Unspecified malaria,الملاريا غير محددة,Infectious
B55,Leishmaniasis,الليشمانياز,Infectious
B56,African trypanosomiasis,التريبانوزومياز الأفريقية,Infectious
B57,Chagas disease,مرض شاغاس,Infectious
B58,Toxoplasmosis,التоксوبلاسموز,Infectious
B59,Pneumocystosis,البنيوموسيستوز,Infectious
B60,Other protozoal diseases, not elsewhere classified,أمراض أولية أخرى، غير مصنفة في مكان آخر,Infectious
B64,Unspecified protozoal disease,مرض أولي غير محدد,Infectious
B65,Schistosomiasis [bilharziasis],البلهارسياز,Infectious
B66,Other fluke infections,العدوى بالديدان المفلطحة الأخرى,Infectious
B67,Echinococcosis,الإيكينوكوكوز,Infectious
B68,Taeniasis,التينياز,Infectious
B69,Cysticercosis,السيستيسركوز,Infectious
B70,Diphyllobothriasis and sparganosis,الديفيلوبوثرياز والسبارغانوز,Infectious
B71,Other cestode infections,العدوى بالديدان الشريطية الأخرى,Infectious
B72,Dracunculiasis,الدراكونكولياز,Infectious
B73,Onchocerciasis,الأونكوسيركياز,Infectious
B74,Filariasis,الفيلارياز,Infectious
B75,Trichinellosis,التريكينيلوز,Infectious
B76,Hookworm diseases,أمراض الدودة الخطافية,Infectious
B77,Ascariasis,الأسكارياز,Infectious
B78,Strongyloidiasis,السترونغيلويدياز,Infectious
B79,Trichuriasis,التريكورياز,Infectious
B80,Enterobiasis,الإنتروبياز,Infectious
B81,Other intestinal helminthiases, not elsewhere classified,الديدان المعوية الأخرى، غير مصنفة في مكان آخر,Infectious
B82,Unspecified intestinal parasitism,الطفيليات المعوية غير محددة,Infectious
B83,Other helminthiases,الديدان الأخرى,Infectious
B84,Unspecified helminthiases,الديدان غير محددة,Infectious
B85,Pediculosis [lice infestation],القمل,Infectious
B86,Scabies,الجرب,Infectious
B87,Myiasis,المياز,Infectious
B88,Other infestations,الإصابات الأخرى,Infectious
B89,Unspecified parasitic disease,مرض طفيلي غير محدد,Infectious
B90,Sequelae of tuberculosis,عواقب السل,Infectious
B91,Sequelae of poliomyelitis,عواقب الشلل الرخو,Infectious
B92,Sequelae of leprosy,عواقب الجذام,Infectious
B94,Sequelae of other and unspecified infectious and parasitic diseases,عواقب الأمراض المعدية والطفيلية الأخرى وغير المحددة,Infectious
B95,Streptococcus and staphylococcus as the cause of diseases classified to other chapters,العقديات والمكورات العنقودية كسبب لأمراض مصنفة في فصول أخرى,Infectious
B96,Other bacterial agents as the cause of diseases classified to other chapters,عوامل بكتيرية أخرى كسبب لأمراض مصنفة في فصول أخرى,Infectious
B97,Viral agents as the cause of diseases classified to other chapters,عوامل فيروسية كسبب لأمراض مصنفة في فصول أخرى,Infectious
B99,Other and unspecified infectious diseases,أمراض معدية أخرى وغير محددة,Infectious