﻿code,description,description_ar,category
J00,Acute nasopharyngitis (common cold),التهاب الأنف والحلق الحاد (الزكام الشائع),Respiratory
J01,Acute sinusitis,التهاب الجيوب الأنفية الحاد,Respiratory
J02,Acute pharyngitis,التهاب الحلق الحاد,Respiratory
J03,Acute tonsillitis,التهاب اللوزتين الحاد,Respiratory
A00,Cholera,الكوليرا,Infectious
A01,Typhoid and paratyphoid fevers,الحمى الشوكية والباراشوكية,Infectious

